USER,2022-06_ALLOCATIONS,2022-06_CURTAILMENT,2022-06_DEMAND,2022-06_SHORTAGE_%,BASIN,PRIORITY
A002723,0.0002022,0,0.00020219999999999998,0,R_01,55
A004307,0.0002022,0,0.00020219999999999998,0,R_01,60
A006464,0.0002022,0,0.00020219999999999998,0,R_01,63
A006642,0.0002022,0,0.00020219999999999998,0,R_01,64
A006805A,0.0002022,0,0.00020219999999999998,0,R_01,65
A009832A,0.00322233,0,0.0032223340000000003,0,R_01,69
A009832B,0.0002022,0,0.00020219999999999998,0,R_01,70
A015610,0.0002022,0,0.00020219999999999998,0,R_01,194
A015663,0.0002022,0,0.00020219999999999998,0,R_01,195
A016347,0.0002022,0,0.00020219999999999998,0,R_01,225
A017091A,0.0002022,0,0.00020219999999999998,0,R_01,246
A017091B,0.0002022,0,0.00020219999999999998,0,R_01,247
A017091C,0.0002022,0,0.00020219999999999998,0,R_01,248
A017240,0.165,0,0.165,0,R_01,253
A017868,0.0002022,0,0.00020219999999999998,0,R_01,263
A018274A,0.0002022,0,0.00020219999999999998,0,R_01,275
A018274B,0.0002022,0,0.00020219999999999998,0,R_01,276
A018328,0.0002022,0,0.00020219999999999998,0,R_01,277
A018648,0.25,0,0.25,0,R_01,279
A019336,0.0002022,0,0.00020219999999999998,0,R_01,286
A020657,0.2,0,0.2,0,R_01,296
A020791,0.0002022,0,0.00020219999999999998,0,R_01,299
A020872,0.0002022,0,0.00020219999999999998,0,R_01,303
A020963,2.165,0,2.165,0,R_01,307
A021121,0.0002022,0,0.00020219999999999998,0,R_01,309
A021429A,0.0002022,0,0.00020219999999999998,0,R_01,317
A021429B,0.0002022,0,0.00020219999999999998,0,R_01,318
A021429C,0.225,0,0.225,0,R_01,319
A021596,4.6e-05,0,4.6e-05,0,R_01,325
A021809,0.915,0,0.915,0,R_01,333
A021950,0.0002022,0,0.00020219999999999998,0,R_01,346
A021966,0.0002022,0,0.00020219999999999998,0,R_01,347
A022277,0.0002022,0,0.00020219999999999998,0,R_01,354
A023282,0.0002022,0,0.00020219999999999998,0,R_01,383
A023337,0.0002022,0,0.00020219999999999998,0,R_01,387
A023399,0.0002022,0,0.00020219999999999998,0,R_01,391
A023408,0.0002022,0,0.00020219999999999998,0,R_01,392
A023451,0.0002022,0,0.00020219999999999998,0,R_01,394
A023488,0.0002022,0,0.00020219999999999998,0,R_01,396
A023489,0.33,0,0.33,0,R_01,397
A023536,0.0002022,0,0.00020219999999999998,0,R_01,400
A023558,0.0002022,0,0.00020219999999999998,0,R_01,402
A023605,0.0002022,0,0.00020219999999999998,0,R_01,404
A023615,0.0002022,0,0.00020219999999999998,0,R_01,405
A023654A,0.0002022,0,0.00020219999999999998,0,R_01,407
A023654B,2.665,0,2.665,0,R_01,408
A023707,0.165,0,0.165,0,R_01,419
A023737,0.0002022,0,0.00020219999999999998,0,R_01,420
A023748,0.665,0,0.665,0,R_01,421
A023792,0.0002022,0,0.00020219999999999998,0,R_01,422
A023802,0.0002022,0,0.00020219999999999998,0,R_01,425
A023836,0.0002022,0,0.00020219999999999998,0,R_01,428
A023868,0.0002022,0,0.00020219999999999998,0,R_01,431
A023869,0.0002022,0,0.00020219999999999998,0,R_01,760
A023895,0.0002022,0,0.00020219999999999998,0,R_01,433
A023949,0.0002022,0,0.00020219999999999998,0,R_01,438
A024010,0.665,0,0.665,0,R_01,439
A024025,0.0002022,0,0.00020219999999999998,0,R_01,443
A024028,0.0002022,0,0.00020219999999999998,0,R_01,444
A024044,0.0002022,0,0.00020219999999999998,0,R_01,445
A024056,0.0002022,0,0.00020219999999999998,0,R_01,449
A024104,0.0002022,0,0.00020219999999999998,0,R_01,451
A024126,0.0002022,0,0.00020219999999999998,0,R_01,452
A024130,0.0002022,0,0.00020219999999999998,0,R_01,453
A024344,0.0002022,0,0.00020219999999999998,0,R_01,471
A024405,0.0002022,0,0.00020219999999999998,0,R_01,478
A024425,0.0002022,0,0.00020219999999999998,0,R_01,480
A024488,0.0002022,0,0.00020219999999999998,0,R_01,482
A024502,0.0002022,0,0.00020219999999999998,0,R_01,483
A024725,0.33,0,0.33,0,R_01,496
A024774,0.205,0,0.205,0,R_01,499
A024805,0.0002022,0,0.00020219999999999998,0,R_01,504
A024959,0.0002022,0,0.00020219999999999998,0,R_01,529
A024996,0.0002022,0,0.00020219999999999998,0,R_01,537
A025334,0.0002022,0,0.00020219999999999998,0,R_01,557
A025600,0.0002022,0,0.00020219999999999998,0,R_01,561
A025740,0.0002022,0,0.00020219999999999998,0,R_01,568
A025823A01,0.0002022,0,0.00020219999999999998,0,R_01,574
A025823A02,0.0002022,0,0.00020219999999999998,0,R_01,575
A025823A03,0.0002022,0,0.00020219999999999998,0,R_01,576
A025823B,0.0002022,0,0.00020219999999999998,0,R_01,577
A026022A,0.0002022,0,0.00020219999999999998,0,R_01,584
A026022B,0.0002022,0,0.00020219999999999998,0,R_01,585
A026055A,0.0002022,0,0.00020219999999999998,0,R_01,586
A026055B,0.0002022,0,0.00020219999999999998,0,R_01,587
A026079,0.0002022,0,0.00020219999999999998,0,R_01,588
A026110,0.0002022,0,0.00020219999999999998,0,R_01,589
A026143,0.0002022,0,0.00020219999999999998,0,R_01,591
A026201,0.0002022,0,0.00020219999999999998,0,R_01,596
A026250,0.0002022,0,0.00020219999999999998,0,R_01,598
A026927,0.0002022,0,0.00020219999999999998,0,R_01,606
A027036,0.0002022,0,0.00020219999999999998,0,R_01,608
A027301,0.0002022,0,0.00020219999999999998,0,R_01,611
A027460,0.00107417,0,0.001074167,0,R_01,614
A027791,0.0002022,0,0.00020219999999999998,0,R_01,622
A028127,0.0002022,0,0.00020219999999999998,0,R_01,630
A028632,0.0002022,0,0.00020219999999999998,0,R_01,634
A028633,0.0002022,0,0.00020219999999999998,0,R_01,635
A028635,0.0002022,0,0.00020219999999999998,0,R_01,636
A028636,0.015,0,0.015,0,R_01,637
A028640,0.0002022,0,0.00020219999999999998,0,R_01,638
A028641,0.0002022,0,0.00020219999999999998,0,R_01,639
A028642,0.0002022,0,0.00020219999999999998,0,R_01,640
A028643,0.0002022,0,0.00020219999999999998,0,R_01,641
A028647,0.0002022,0,0.00020219999999999998,0,R_01,642
A028648,0.00118925,0,0.00118925,0,R_01,643
A028649,0.0002022,0,0.00020219999999999998,0,R_01,644
A028650,0.0002022,0,0.00020219999999999998,0,R_01,645
A028651,0.0002022,0,0.00020219999999999998,0,R_01,646
A028653,0.0002022,0,0.00020219999999999998,0,R_01,647
A028676,0.0002022,0,0.00020219999999999998,0,R_01,649
A028715,0.035,0,0.035,0,R_01,650
A028738,0.0002022,0,0.00020219999999999998,0,R_01,651
A028786,0.0002022,0,0.00020219999999999998,0,R_01,652
A028787,0.55,0,0.55,0,R_01,653
A028925,0.0002022,0,0.00020219999999999998,0,R_01,659
A028926,0.0002022,0,0.00020219999999999998,0,R_01,660
A028927,0.0002022,0,0.00020219999999999998,0,R_01,661
A029202,0.0002022,0,0.00020219999999999998,0,R_01,666
A029203,0.0002022,0,0.00020219999999999998,0,R_01,667
A029401,0.0002022,0,0.00020219999999999998,0,R_01,674
A029480,0.0002022,0,0.00020219999999999998,0,R_01,685
A029595,0.0002022,0,0.00020219999999999998,0,R_01,689
A029719,0.0002022,0,0.00020219999999999998,0,R_01,695
A030349,0.0002022,0,0.00020219999999999998,0,R_01,709
A030363,0.0002022,0,0.00020219999999999998,0,R_01,712
A031059,0.0002022,0,0.00020219999999999998,0,R_01,748
A031060,0.0002022,0,0.00020219999999999998,0,R_01,749
A031259,0.0002022,0,0.00020219999999999998,0,R_01,759
A031435,0.0002022,0,0.00020219999999999998,0,R_01,782
D029448,0.0002022,0,0.00020219999999999998,0,R_01,682
D029572,0.0002022,0,0.00020219999999999998,0,R_01,688
D030346,0.015,0,0.015,0,R_01,711
D030427,0.0002022,0,0.00020219999999999998,0,R_01,715
D030969,0.0002022,0,0.00020219999999999998,0,R_01,747
D030985,0.165,0,0.165,0,R_01,750
D031146,0.005,0,0.005,0,R_01,754
D031411,0.0002022,0,0.00020219999999999998,0,R_01,773
D031472,0.0002022,0,0.00020219999999999998,0,R_01,777
D031475,0.0002022,0,0.00020219999999999998,0,R_01,786
D031476,0.0002022,0,0.00020219999999999998,0,R_01,779
D031477,0.005,0,0.005,0,R_01,778
D031542,0.0002022,0,0.00020219999999999998,0,R_01,788
D031563,0.00168117,0,0.001681167,0,R_01,789
D031589,0.0002022,0,0.00020219999999999998,0,R_01,792
D031606,0.015,0,0.015,0,R_01,795
D032022,0.2,0,0.2,0,R_01,817
D032762,0.155,0,0.155,0,R_01,846
D032859,0.01,0,0.01,0,R_01,847
H032009,0.0002022,0,0.00020219999999999998,0,R_01,815
H032331,0.0002022,0,0.00020219999999999998,0,R_01,839
H500399,0.0002022,0,0.00020219999999999998,0,R_01,850
H500522,0.0002022,0,0.00020219999999999998,0,R_01,849
H500733,0.0002022,0,0.00020219999999999998,0,R_01,854
H500800,0.0002022,0,0.00020219999999999998,0,R_01,861
H505968,0.0002022,0,0.00020219999999999998,0,R_01,866
H508419,0.0002022,0,0.00020219999999999998,0,R_01,874
H509523,0.0002022,0,0.00020219999999999998,0,R_01,877
L031378,0.0002022,0,0.00020219999999999998,0,R_01,766
L031414,0.0002022,0,0.00020219999999999998,0,R_01,775
L031415A,0.0002022,0,0.00020219999999999998,0,R_01,842
L031420,0.0002022,0,0.00020219999999999998,0,R_01,776
L031528,0.0002022,0,0.00020219999999999998,0,R_01,787
L031573,0.0002022,0,0.00020219999999999998,0,R_01,790
L031605,0.015,0,0.015,0,R_01,796
L032279,0.0002022,0,0.00020219999999999998,0,R_01,836
S009905,0.0002022,0,0.00020219999999999998,0,R_01,40
S015509,0.0002022,0,0.00020219999999999998,0,R_01,41
S017020,0.285,0,0.285,0,R_01,21
S018456,0.04,0,0.04,0,R_01,33
S018457,0.0002022,0,0.00020219999999999998,0,R_01,34
S018523,0.025,0,0.025,0,R_01,35
S019389,0.0002022,0,0.00020219999999999998,0,R_01,42
S019392,0.0002022,0,0.00020219999999999998,0,R_01,43
S019395,0.0002022,0,0.00020219999999999998,0,R_01,44
S020096,0.2,0,0.2,0,R_01,22
S021358,0.000767167,0,0.000767167,0,R_01,2
S021382,0.0002022,0,0.00020219999999999998,0,R_01,37
S023687,0.0002022,0,0.00020219999999999998,0,R_01,23
S025401,0.32,0,0.32,0,R_01,3
A016086,0.0002022,0,0.00020219999999999998,0,R_02,218
A016381,0.0002022,0,0.00020219999999999998,0,R_02,227
A017271,0.0002022,0,0.00020219999999999998,0,R_02,254
A017871,0.0002022,0,0.00020219999999999998,0,R_02,264
A021569,0.01,0,0.01,0,R_02,323
A021570,0.005,0,0.005,0,R_02,324
A023670,0.0002022,0,0.00020219999999999998,0,R_02,412
A024173,0.0002022,0,0.00020219999999999998,0,R_02,458
A024946,0.00230175,0,0.00230175,0,R_02,524
A025019,0.0002022,0,0.00020219999999999998,0,R_02,540
A025070,0.5,0,0.5,0,R_02,547
A025201,0.0002022,0,0.00020219999999999998,0,R_02,553
A026769,0.0002022,0,0.00020219999999999998,0,R_02,605
A026938,0.335,0,0.335,0,R_02,607
A028116,1.33,0,1.33,0,R_02,629
A028824,1.165,0,1.165,0,R_02,655
A029995,0.0002022,0,0.00020219999999999998,0,R_02,700
A030560,0.0002022,0,0.00020219999999999998,0,R_02,716
A030564,0.0002022,0,0.00020219999999999998,0,R_02,717
A031461,0.0002022,0,0.00020219999999999998,0,R_02,784
C005834,0.0002022,0,0.00020219999999999998,0,R_02,726
D031376,0.0002022,0,0.00020219999999999998,0,R_02,765
D031592,0.0002022,0,0.00020219999999999998,0,R_02,793
D033025,0.0002022,0,0.00020219999999999998,0,R_02,864
H500832,0.0002022,0,0.00020219999999999998,0,R_02,853
H501505,0.0002022,0,0.00020219999999999998,0,R_02,856
L031457,0.0002022,0,0.00020219999999999998,0,R_02,785
L031582,0.0002022,0,0.00020219999999999998,0,R_02,791
S008714,0.0002022,0,0.00020219999999999998,0,R_02,18
S027894,0.0002022,0,0.00020219999999999998,0,R_02,13
A011383,1.33,0,1.33,0,R_02_MSRR,71
A013529,1.85,0,1.85,0,R_02_MSRR,99
A013557,0.0002022,0,0.00020219999999999998,0,R_02_MSRR,101
A013706,0.63,0,0.63,0,R_02_MSRR,107
A014259A,6.0,0,6.0,0,R_02_MSRR,150
A016472,0.0002022,0,0.00020219999999999998,0,R_02_MSRR,233
A017508,15.0,0,15.0,0,R_02_MSRR,256
A017881,2.97,0,2.97,0,R_02_MSRR,265
A019071,5.0,0,5.0,0,R_02_MSRR,283
A022378,3.45,0,3.45,0,R_02_MSRR,356
A022433,0.0002022,0,0.00020219999999999998,0,R_02_MSRR,359
A023213,30.0,0,30.0,0,R_02_MSRR,380
A023338,2.2,0,2.2,0,R_02_MSRR,388
A023339,0.825,0,0.825,0,R_02_MSRR,389
A023534A,0.215,0,0.215,0,R_02_MSRR,398
A023534B,3.33,0,3.33,0,R_02_MSRR,399
A023629,2.865,0,2.865,0,R_02_MSRR,406
A023700,0.0002022,0,0.00020219999999999998,0,R_02_MSRR,418
A023916,0.015,0,0.015,0,R_02_MSRR,435
A024163,0.375,0,0.375,0,R_02_MSRR,457
A024209A,4.415,0,4.415,0,R_02_MSRR,460
A024209B,10.58,0,10.58,0,R_02_MSRR,461
A024318,0.0002022,0,0.00020219999999999998,0,R_02_MSRR,470
A024571A,3.38,0,3.38,0,R_02_MSRR,485
A024571B,7.165,0,7.165,0,R_02_MSRR,486
A024995,0.0002022,0,0.00020219999999999998,0,R_02_MSRR,536
A026016,0.0002022,0,0.00020219999999999998,0,R_02_MSRR,583
A026470,0.0002022,0,0.00020219999999999998,0,R_02_MSRR,602
A028668,0.0002022,0,0.00020219999999999998,0,R_02_MSRR,648
L032271,2.615e-05,0,2.615e-05,0,R_02_MSRR,835
A023481,0.0002022,0,0.00020219999999999998,0,R_03,395
D033083,0.0002022,0,0.00020219999999999998,0,R_03,875
A012919A,0.0002022,0,0.00020219999999999998,0,R_03_MSRR,10000
A012919B,222.44,0,222.44,0,R_03_MSRR,76
A024955,0.0002022,0,0.00020219999999999998,0,R_03_MSRR,526
A025691,0.0002022,0,0.00020219999999999998,0,R_03_MSRR,566
A015187,0.015,0,0.015,0,R_04,184
A017642,0.0002022,0,0.00020219999999999998,0,R_04,261
A019135,0.000399,0,0.000399,0,R_04,284
A021345,0.0002022,0,0.00020219999999999998,0,R_04,315
A021939,0.0002022,0,0.00020219999999999998,0,R_04,344
A022426,0.0002022,0,0.00020219999999999998,0,R_04,357
A023663,0.0002022,0,0.00020219999999999998,0,R_04,409
A024457,0.0002022,0,0.00020219999999999998,0,R_04,481
A024691A,0.0002022,0,0.00020219999999999998,0,R_04,494
A024691B,0.0002022,0,0.00020219999999999998,0,R_04,495
A024898,0.0002022,0,0.00020219999999999998,0,R_04,516
A025123,0.00166667,0,0.001666667,0,R_04,550
A026111,0.0002022,0,0.00020219999999999998,0,R_04,590
A027075,0.0002022,0,0.00020219999999999998,0,R_04,609
A029338,0.0002022,0,0.00020219999999999998,0,R_04,670
A031171,0.0002022,0,0.00020219999999999998,0,R_04,755
A031183,0.0002022,0,0.00020219999999999998,0,R_04,757
D031410,0.0002022,0,0.00020219999999999998,0,R_04,767
D032143,0.0002022,0,0.00020219999999999998,0,R_04,826
H501586,0.0002022,0,0.00020219999999999998,0,R_04,857
H505765,0.0002022,0,0.00020219999999999998,0,R_04,865
L031422,0.0002022,0,0.00020219999999999998,0,R_04,833
L031423,0.0002022,0,0.00020219999999999998,0,R_04,780
L031424,0.0002022,0,0.00020219999999999998,0,R_04,798
L031607,0.015,0,0.015,0,R_04,797
L031908,0.0002022,0,0.00020219999999999998,0,R_04,811
S017157,0.0002022,0,0.00020219999999999998,0,R_04,47
S017160,0.0002022,0,0.00020219999999999998,0,R_04,36
A001983,0.0002022,0,0.00020219999999999998,0,R_04_MSRR,54
A003421,0.0002022,0,0.00020219999999999998,0,R_04_MSRR,57
A003601,2.16,0,2.16,0,R_04_MSRR,59
A004832,3.165,0,3.165,0,R_04_MSRR,62
A012958,9.215,0,9.215,0,R_04_MSRR,78
A013270,6.87,0,6.87,0,R_04_MSRR,88
A013287,1.4,0,1.4,0,R_04_MSRR,91
A013288,4.38,0,4.38,0,R_04_MSRR,92
A013973,0.39,0,0.39,0,R_04_MSRR,126
A013974,0.0002022,0,0.00020219999999999998,0,R_04_MSRR,127
A014160,0.0002022,0,0.00020219999999999998,0,R_04_MSRR,144
A014624,0.0002022,0,0.00020219999999999998,0,R_04_MSRR,159
A014916A,1.71,0,1.71,0,R_04_MSRR,175
A014916B,0.785,0,0.785,0,R_04_MSRR,176
A015158A,0.0002022,0,0.00020219999999999998,0,R_04_MSRR,181
A015158B,0.0002022,0,0.00020219999999999998,0,R_04_MSRR,182
A015168,0.29,0,0.29,0,R_04_MSRR,183
A015329A,0.0002022,0,0.00020219999999999998,0,R_04_MSRR,188
A015329B,0.00415,0,0.00415,0,R_04_MSRR,189
A015677,0.0002022,0,0.00020219999999999998,0,R_04_MSRR,199
A015678,0.0002022,0,0.00020219999999999998,0,R_04_MSRR,200
A015704,81.3,0,81.3,0,R_04_MSRR,201
A015796,0.0002022,0,0.00020219999999999998,0,R_04_MSRR,213
A016155,3.615,0,3.615,0,R_04_MSRR,220
A016416,0.0002022,0,0.00020219999999999998,0,R_04_MSRR,230
A017232,24.305,0,24.305,0,R_04_MSRR,252
A017587,33.11,0,33.11,0,R_04_MSRR,257
A021126,13.62,0,13.62,0,R_04_MSRR,310
A021838,1.8,0,1.8,0,R_04_MSRR,334
A021870,0.0002022,0,0.00020219999999999998,0,R_04_MSRR,335
A022005B,0.0002022,0,0.00020219999999999998,0,R_04_MSRR,348
A022208,2.79,0,2.79,0,R_04_MSRR,353
A022306,0.98,0,0.98,0,R_04_MSRR,355
A022815,1.8,0,1.8,0,R_04_MSRR,368
A022881,0.0002022,0,0.00020219999999999998,0,R_04_MSRR,369
A023035,0.0002022,0,0.00020219999999999998,0,R_04_MSRR,371
A023039,7.515,0,7.515,0,R_04_MSRR,372
A023040,6.105,0,6.105,0,R_04_MSRR,373
A023163,2.375,0,2.375,0,R_04_MSRR,377
A023817,0.0002022,0,0.00020219999999999998,0,R_04_MSRR,426
A024645,0.0002022,0,0.00020219999999999998,0,R_04_MSRR,491
A024820,1.45,0,1.45,0,R_04_MSRR,506
A029406,0.515,0,0.515,0,R_04_MSRR,675
A029591,0.0002022,0,0.00020219999999999998,0,R_04_MSRR,671
A029592,15.83,0,15.83,0,R_04_MSRR,672
A029723,0.0002022,0,0.00020219999999999998,0,R_04_MSRR,696
A030036,0.0002022,0,0.00020219999999999998,0,R_04_MSRR,701
H505997,0.0002022,0,0.00020219999999999998,0,R_04_MSRR,876
S015365,0.0002022,0,0.00020219999999999998,0,R_04_MSRR,5
S019766,5.25,0,5.25,0,R_04_MSRR,52
S019769,58.165,0,58.165,0,R_04_MSRR,53
A012232,0.0002022,0,0.00020219999999999998,0,R_05,73
A018200,0.0002022,0,0.00020219999999999998,0,R_05,273
A021106,2.1,0,2.1,0,R_05,308
A023326,0.0002022,0,0.00020219999999999998,0,R_05,386
A023794,0.0002022,0,0.00020219999999999998,0,R_05,424
A023839,0.0002022,0,0.00020219999999999998,0,R_05,429
A023840,0.0002022,0,0.00020219999999999998,0,R_05,430
A023880,0.0002022,0,0.00020219999999999998,0,R_05,432
A024053,0.0002022,0,0.00020219999999999998,0,R_05,448
A024139,0.0002022,0,0.00020219999999999998,0,R_05,454
A024409,0.0002022,0,0.00020219999999999998,0,R_05,479
A024807,0.075,0,0.075,0,R_05,505
A025052,0.0002685,0,0.0002685,0,R_05,546
A029479,0.0002022,0,0.00020219999999999998,0,R_05,683
A029512,0.0002022,0,0.00020219999999999998,0,R_05,681
A031383,0.0002022,0,0.00020219999999999998,0,R_05,769
A031447,0.0002022,0,0.00020219999999999998,0,R_05,783
C000222,0.0002022,0,0.00020219999999999998,0,R_05,542
C000223,0.0002022,0,0.00020219999999999998,0,R_05,543
D031098,0.0002022,0,0.00020219999999999998,0,R_05,753
D032041,0.0002022,0,0.00020219999999999998,0,R_05,831
D032187,0.0002022,0,0.00020219999999999998,0,R_05,844
H032345,0.0002022,0,0.00020219999999999998,0,R_05,841
H505809,0.0002022,0,0.00020219999999999998,0,R_05,867
L031669,0.0002022,0,0.00020219999999999998,0,R_05,803
S008380,0.24,0,0.24,0,R_05,38
A004308,1.345,0,1.345,0,R_05_MSRR,61
A006854,0.0002022,0,0.00020219999999999998,0,R_05_MSRR,66
A006855,1.235,0,1.235,0,R_05_MSRR,67
A013528,1.36,0,1.36,0,R_05_MSRR,98
A014206,0.375,0,0.375,0,R_05_MSRR,146
A014304,0.0002022,0,0.00020219999999999998,0,R_05_MSRR,151
A014539,2.1,0,2.1,0,R_05_MSRR,158
A014997A,2.565,0,2.565,0,R_05_MSRR,177
A014997B,0.2,0,0.2,0,R_05_MSRR,178
A015157,0.0002022,0,0.00020219999999999998,0,R_05_MSRR,180
A015721,12.215,0,12.215,0,R_05_MSRR,202
A015780,36.83,0,36.83,0,R_05_MSRR,210
A015781,0.0002022,0,0.00020219999999999998,0,R_05_MSRR,211
A015782,2.83,0,2.83,0,R_05_MSRR,212
A016308,0.545,0,0.545,0,R_05_MSRR,222
A016758,1.815,0,1.815,0,R_05_MSRR,241
A017366,0.205,0,0.205,0,R_05_MSRR,255
A017622,0.51,0,0.51,0,R_05_MSRR,258
A017624,16.93,0,16.93,0,R_05_MSRR,259
A017911A,4.75,0,4.75,0,R_05_MSRR,267
A017911B,2.43,0,2.43,0,R_05_MSRR,268
A020540,10.975,0,10.975,0,R_05_MSRR,293
A020662,4.675,0,4.675,0,R_05_MSRR,297
A021127,0.0002022,0,0.00020219999999999998,0,R_05_MSRR,311
A022692,0.15,0,0.15,0,R_05_MSRR,365
A022802,11.765,0,11.765,0,R_05_MSRR,367
A023446B,0.0002022,0,0.00020219999999999998,0,R_05_MSRR,393
A023664,2.14,0,2.14,0,R_05_MSRR,410
A023671,34.33,0,34.33,0,R_05_MSRR,413
A024013,0.0002022,0,0.00020219999999999998,0,R_05_MSRR,440
A024014,0.0002022,0,0.00020219999999999998,0,R_05_MSRR,441
A024140,0.0002022,0,0.00020219999999999998,0,R_05_MSRR,455
A024617,0.0002022,0,0.00020219999999999998,0,R_05_MSRR,490
A024741,0.71,0,0.71,0,R_05_MSRR,497
A024789A,0.0002022,0,0.00020219999999999998,0,R_05_MSRR,500
A024789B,0.0002022,0,0.00020219999999999998,0,R_05_MSRR,501
A025268,0.0002022,0,0.00020219999999999998,0,R_05_MSRR,555
A025850,3.5,0,3.5,0,R_05_MSRR,578
A027581,0.0002022,0,0.00020219999999999998,0,R_05_MSRR,617
A027582,9.165,0,9.165,0,R_05_MSRR,618
A027583,2.33,0,2.33,0,R_05_MSRR,619
A027584,0.0002022,0,0.00020219999999999998,0,R_05_MSRR,620
A027992,0.0002022,0,0.00020219999999999998,0,R_05_MSRR,628
A028854,0.0002022,0,0.00020219999999999998,0,R_05_MSRR,656
A028886,0.0002022,0,0.00020219999999999998,0,R_05_MSRR,658
A031094,0.0002022,0,0.00020219999999999998,0,R_05_MSRR,703
A031255,0.0002022,0,0.00020219999999999998,0,R_05_MSRR,758
A013633,0.0002022,0,0.00020219999999999998,0,R_06,104
A016443,0.0002022,0,0.00020219999999999998,0,R_06,231
A016825,0.03,0,0.03,0,R_06,243
A016973,0.0002022,0,0.00020219999999999998,0,R_06,245
A020846,0.0002022,0,0.00020219999999999998,0,R_06,301
A021941,0.0002022,0,0.00020219999999999998,0,R_06,345
A022615,0.11,0,0.11,0,R_06,362
A022652,0.0002022,0,0.00020219999999999998,0,R_06,364
A023250,0.0002022,0,0.00020219999999999998,0,R_06,381
A023681,0.0002022,0,0.00020219999999999998,0,R_06,416
A023793,0.0002022,0,0.00020219999999999998,0,R_06,423
A023835,0.195,0,0.195,0,R_06,427
A024404,0.0002022,0,0.00020219999999999998,0,R_06,477
A024593A,0.0002022,0,0.00020219999999999998,0,R_06,487
A024593B,0.0002022,0,0.00020219999999999998,0,R_06,488
A024854,0.0002022,0,0.00020219999999999998,0,R_06,507
A025749A,0.0002022,0,0.00020219999999999998,0,R_06,569
A025749B,0.0002022,0,0.00020219999999999998,0,R_06,570
A025887A,0.0002022,0,0.00020219999999999998,0,R_06,579
A025887B,0.0002022,0,0.00020219999999999998,0,R_06,580
A025888A,0.0002022,0,0.00020219999999999998,0,R_06,581
A025888B,0.0002022,0,0.00020219999999999998,0,R_06,582
A027892,0.0002022,0,0.00020219999999999998,0,R_06,623
A029632,0.0002022,0,0.00020219999999999998,0,R_06,691
C005161,0.0002022,0,0.00020219999999999998,0,R_06,718
C005162,0.0002022,0,0.00020219999999999998,0,R_06,719
C005163,0.0002022,0,0.00020219999999999998,0,R_06,720
C005164,0.0002022,0,0.00020219999999999998,0,R_06,721
C005165,0.0002022,0,0.00020219999999999998,0,R_06,722
C005343,0.0002022,0,0.00020219999999999998,0,R_06,724
C005624,0.0002022,0,0.00020219999999999998,0,R_06,725
D030863,0.0002022,0,0.00020219999999999998,0,R_06,742
D031947,0.0002022,0,0.00020219999999999998,0,R_06,812
D032057,0.0002022,0,0.00020219999999999998,0,R_06,820
D032140,0.02,0,0.02,0,R_06,825
D032141,0.0047535,0,0.0047535,0,R_06,843
D032238,0.0002022,0,0.00020219999999999998,0,R_06,832
H032131,0.0002022,0,0.00020219999999999998,0,R_06,823
H500244,0.025,0,0.025,0,R_06,848
H500658,0.0002022,0,0.00020219999999999998,0,R_06,859
H500889,0.015,0,0.015,0,R_06,852
H501328,0.0002022,0,0.00020219999999999998,0,R_06,855
H501536,0.0002022,0,0.00020219999999999998,0,R_06,858
H502560,0.0002022,0,0.00020219999999999998,0,R_06,860
H503838,0.01,0,0.01,0,R_06,863
H506245,0.015,0,0.015,0,R_06,868
H507504,0.01,0,0.01,0,R_06,869
H507549,0.0002022,0,0.00020219999999999998,0,R_06,870
H507821,0.0002022,0,0.00020219999999999998,0,R_06,871
H507877,0.0002022,0,0.00020219999999999998,0,R_06,872
L031353,0.0002022,0,0.00020219999999999998,0,R_06,763
L031764,0.0002022,0,0.00020219999999999998,0,R_06,805
L031885,0.0002022,0,0.00020219999999999998,0,R_06,810
L032006,0.0002022,0,0.00020219999999999998,0,R_06,814
L032027,0.0002022,0,0.00020219999999999998,0,R_06,818
L032128,0.05,0,0.05,0,R_06,824
S014129,0.0002022,0,0.00020219999999999998,0,R_06,39
S023888,0.0002022,0,0.00020219999999999998,0,R_06,8
A003565,0.09,0,0.09,0,R_06_MSRR,58
A013030A,0.0002022,0,0.00020219999999999998,0,R_06_MSRR,79
A013030B,3.03,0,3.03,0,R_06_MSRR,80
A013661,11.9,0,11.9,0,R_06_MSRR,105
A013749,0.0002022,0,0.00020219999999999998,0,R_06_MSRR,110
A013753,0.00278333,0,0.002783334,0,R_06_MSRR,111
A013755,2.29,0,2.29,0,R_06_MSRR,112
A015743,0.04,0,0.04,0,R_06_MSRR,208
A016249,17.1,0,17.1,0,R_06_MSRR,221
A016557,26.0,0,26.0,0,R_06_MSRR,235
A016561,4.125,0,4.125,0,R_06_MSRR,236
A016655,0.08,0,0.08,0,R_06_MSRR,237
A016670,0.08,0,0.08,0,R_06_MSRR,238
A016671,0.635,0,0.635,0,R_06_MSRR,239
A017145,0.0002022,0,0.00020219999999999998,0,R_06_MSRR,251
A017885,1.865,0,1.865,0,R_06_MSRR,266
A018093A,0.0002022,0,0.00020219999999999998,0,R_06_MSRR,270
A018093B,0.105,0,0.105,0,R_06_MSRR,271
A021516,0.63,0,0.63,0,R_06_MSRR,322
A021927,0.0002022,0,0.00020219999999999998,0,R_06_MSRR,338
A021928,0.115,0,0.115,0,R_06_MSRR,339
A021929,0.0002022,0,0.00020219999999999998,0,R_06_MSRR,340
A021930,0.0002022,0,0.00020219999999999998,0,R_06_MSRR,341
A021931,0.215,0,0.215,0,R_06_MSRR,342
A021932,1.0,0,1.0,0,R_06_MSRR,343
A022702,0.0002022,0,0.00020219999999999998,0,R_06_MSRR,366
A023387,0.0002022,0,0.00020219999999999998,0,R_06_MSRR,390
A023563,0.615,0,0.615,0,R_06_MSRR,403
A023926A,0.0002022,0,0.00020219999999999998,0,R_06_MSRR,436
A023926B,0.0002022,0,0.00020219999999999998,0,R_06_MSRR,437
A024050,0.0002022,0,0.00020219999999999998,0,R_06_MSRR,446
A024141,0.0002022,0,0.00020219999999999998,0,R_06_MSRR,456
A024522A,1.08,0,1.08,0,R_06_MSRR,484
A024522B,0.0002022,0,0.00020219999999999998,0,R_06_MSRR,411
A024763B,0.0002022,0,0.00020219999999999998,0,R_06_MSRR,498
A025596,42.515,0,42.515,0,R_06_MSRR,562
A025822A,6.5,0,6.5,0,R_06_MSRR,572
A025822B,0.0002022,0,0.00020219999999999998,0,R_06_MSRR,573
A031870,0.0002022,0,0.00020219999999999998,0,R_06_MSRR,808
A031877,0.0002022,0,0.00020219999999999998,0,R_06_MSRR,809
C005166,0.0002022,0,0.00020219999999999998,0,R_06_MSRR,723
D031380,0.02,0,0.02,0,R_06_MSRR,768
D032313,0.0002022,0,0.00020219999999999998,0,R_06_MSRR,837
D032314,0.0002022,0,0.00020219999999999998,0,R_06_MSRR,838
S015508,0.0002022,0,0.00020219999999999998,0,R_06_MSRR,50
S015510,0.0002022,0,0.00020219999999999998,0,R_06_MSRR,51
A026181,0.0002022,0,0.00020219999999999998,0,R_07,592
A026182,0.0002022,0,0.00020219999999999998,0,R_07,593
A026183,0.0002022,0,0.00020219999999999998,0,R_07,594
A026184,0.0002022,0,0.00020219999999999998,0,R_07,595
A027177,0.0002022,0,0.00020219999999999998,0,R_07,610
A028319,0.005,0,0.005,0,R_07,632
A028320,0.01,0,0.01,0,R_07,633
A029086,0.0002022,0,0.00020219999999999998,0,R_07,662
A029087,0.0002022,0,0.00020219999999999998,0,R_07,663
A016141,0.025,0,0.025,0,R_08,219
A020720,0.0002022,0,0.00020219999999999998,0,R_08,298
A021710,0.0002022,0,0.00020219999999999998,0,R_08,328
A021711,0.0002022,0,0.00020219999999999998,0,R_08,329
A022614,0.045,0,0.045,0,R_08,361
A022623,0.000102334,0,0.000102334,0,R_08,363
A023678,0.0002022,0,0.00020219999999999998,0,R_08,414
A023679,0.29,0,0.29,0,R_08,415
A023682,0.0002022,0,0.00020219999999999998,0,R_08,417
A031095,0.0002022,0,0.00020219999999999998,0,R_08,752
D031603,0.0002022,0,0.00020219999999999998,0,R_08,794
D032262,0.0002022,0,0.00020219999999999998,0,R_08,834
D032346,0.0002022,0,0.00020219999999999998,0,R_08,840
L032147,0.0002022,0,0.00020219999999999998,0,R_08,828
A012951,3.665,0,3.665,0,R_09,77
A015854,0.0002022,0,0.00020219999999999998,0,R_09,214
A017745,0.0002022,0,0.00020219999999999998,0,R_09,262
A020436,0.0002022,0,0.00020219999999999998,0,R_09,292
A020813,0.0002022,0,0.00020219999999999998,0,R_09,300
A022070,0.165,0,0.165,0,R_09,349
A022188,0.0002022,0,0.00020219999999999998,0,R_09,352
A022993,8.68335e-05,0,8.683350000000001e-05,0,R_09,370
A024205,0.0002022,0,0.00020219999999999998,0,R_09,459
A024378,0.0002022,0,0.00020219999999999998,0,R_09,472
A024790A,0.0002022,0,0.00020219999999999998,0,R_09,502
A025405,0.0002022,0,0.00020219999999999998,0,R_09,560
A025762,0.0002022,0,0.00020219999999999998,0,R_09,571
A026224,0.0002022,0,0.00020219999999999998,0,R_09,597
A027541,0.0002022,0,0.00020219999999999998,0,R_09,615
A029327,0.0002022,0,0.00020219999999999998,0,R_09,669
A029372,0.0002022,0,0.00020219999999999998,0,R_09,673
A029616,0.0002022,0,0.00020219999999999998,0,R_09,690
A029682,0.0002022,0,0.00020219999999999998,0,R_09,693
A029755,0.0002022,0,0.00020219999999999998,0,R_09,697
A029912,0.0002022,0,0.00020219999999999998,0,R_09,699
C002935,0.0002022,0,0.00020219999999999998,0,R_09,563
C002936,0.0002022,0,0.00020219999999999998,0,R_09,564
C005521,0.0002022,0,0.00020219999999999998,0,R_09,727
C005522,0.0002022,0,0.00020219999999999998,0,R_09,728
C006052,0.0002022,0,0.00020219999999999998,0,R_09,729
D029650,0.0002022,0,0.00020219999999999998,0,R_09,692
D031630,0.0002022,0,0.00020219999999999998,0,R_09,800
D031660,0.0002022,0,0.00020219999999999998,0,R_09,801
D032249,0.0002022,0,0.00020219999999999998,0,R_09,845
H031997,0.0002022,0,0.00020219999999999998,0,R_09,813
H032924,0.0002022,0,0.00020219999999999998,0,R_09,851
S000114,0.04,0,0.04,0,R_09,48
S000115,0.025,0,0.025,0,R_09,49
S013392,0.02,0,0.02,0,R_09,19
S015909,0.0002022,0,0.00020219999999999998,0,R_09,17
A008974,0.0002022,0,0.00020219999999999998,0,R_09_MSRR,68
A011846,1.665,0,1.665,0,R_09_MSRR,72
A013277,0.115,0,0.115,0,R_09_MSRR,89
A013289,0.55,0,0.55,0,R_09_MSRR,93
A013758,2.65,0,2.65,0,R_09_MSRR,113
A013810,0.225,0,0.225,0,R_09_MSRR,115
A013811,0.715,0,0.715,0,R_09_MSRR,116
A013862,0.55,0,0.55,0,R_09_MSRR,119
A013863,0.0002022,0,0.00020219999999999998,0,R_09_MSRR,120
A013864,0.4,0,0.4,0,R_09_MSRR,121
A013932,0.365,0,0.365,0,R_09_MSRR,123
A013987,0.0002022,0,0.00020219999999999998,0,R_09_MSRR,130
A014045,0.0002022,0,0.00020219999999999998,0,R_09_MSRR,137
A014144,0.0002022,0,0.00020219999999999998,0,R_09_MSRR,143
A014172,0.0002022,0,0.00020219999999999998,0,R_09_MSRR,145
A014215,1.225,0,1.225,0,R_09_MSRR,147
A014245,0.00109967,0,0.001099667,0,R_09_MSRR,148
A014246,0.37,0,0.37,0,R_09_MSRR,149
A014393,0.815,0,0.815,0,R_09_MSRR,153
A014467,0.0002022,0,0.00020219999999999998,0,R_09_MSRR,156
A014492,0.0002022,0,0.00020219999999999998,0,R_09_MSRR,157
A014880,0.495,0,0.495,0,R_09_MSRR,173
A015397,0.3,0,0.3,0,R_09_MSRR,191
A015399,0.0002022,0,0.00020219999999999998,0,R_09_MSRR,192
A015664A,0.0002022,0,0.00020219999999999998,0,R_09_MSRR,196
A015664B,0.905,0,0.905,0,R_09_MSRR,197
A015664C,0.28,0,0.28,0,R_09_MSRR,198
A015727,0.000610667,0,0.000610667,0,R_09_MSRR,204
A015983,0.385,0,0.385,0,R_09_MSRR,215
A015984,0.365,0,0.365,0,R_09_MSRR,216
A016319,0.0002022,0,0.00020219999999999998,0,R_09_MSRR,223
A016334,0.0002022,0,0.00020219999999999998,0,R_09_MSRR,224
A016357,0.165,0,0.165,0,R_09_MSRR,226
A016398,5.33,0,5.33,0,R_09_MSRR,228
A018649,0.001257,0,0.001257,0,R_09_MSRR,280
A020582,0.0002022,0,0.00020219999999999998,0,R_09_MSRR,294
A020624,0.0002022,0,0.00020219999999999998,0,R_09_MSRR,295
A021245,2.565,0,2.565,0,R_09_MSRR,314
A021756,1.715,0,1.715,0,R_09_MSRR,330
A024266A,1.075,0,1.075,0,R_09_MSRR,462
A024266B,0.0002022,0,0.00020219999999999998,0,R_09_MSRR,463
A024791,0.51,0,0.51,0,R_09_MSRR,503
A024890,1.05,0,1.05,0,R_09_MSRR,511
A024893A,3.45,0,3.45,0,R_09_MSRR,513
A024893B,0.0002022,0,0.00020219999999999998,0,R_09_MSRR,514
A024894,5.03,0,5.03,0,R_09_MSRR,515
A024899,0.0002022,0,0.00020219999999999998,0,R_09_MSRR,517
A024909,0.0002022,0,0.00020219999999999998,0,R_09_MSRR,518
A024912,0.0002022,0,0.00020219999999999998,0,R_09_MSRR,519
A024919,0.04,0,0.04,0,R_09_MSRR,520
A024951,0.14,0,0.14,0,R_09_MSRR,525
A024972,0.02,0,0.02,0,R_09_MSRR,534
A024993,0.225,0,0.225,0,R_09_MSRR,535
A025005,0.0002022,0,0.00020219999999999998,0,R_09_MSRR,538
A025015,0.04,0,0.04,0,R_09_MSRR,539
A025028,0.0002022,0,0.00020219999999999998,0,R_09_MSRR,544
A025110,0.01,0,0.01,0,R_09_MSRR,549
A025157,0.025,0,0.025,0,R_09_MSRR,552
A025682,1.01,0,1.01,0,R_09_MSRR,565
A025694,0.0002022,0,0.00020219999999999998,0,R_09_MSRR,567
A027955,0.0002022,0,0.00020219999999999998,0,R_09_MSRR,627
A029418,5.75,0,5.75,0,R_09_MSRR,678
A029419,4.7,0,4.7,0,R_09_MSRR,679
A029437,0.0002022,0,0.00020219999999999998,0,R_09_MSRR,680
A029662,0.0002022,0,0.00020219999999999998,0,R_09_MSRR,694
A029789,0.0002022,0,0.00020219999999999998,0,R_09_MSRR,698
A030364,0.0002022,0,0.00020219999999999998,0,R_09_MSRR,708
A030365,0.0002022,0,0.00020219999999999998,0,R_09_MSRR,710
D030286,0.0002022,0,0.00020219999999999998,0,R_09_MSRR,707
S008430,0.0002022,0,0.00020219999999999998,0,R_09_MSRR,11
S014237,67.0,0,67.0,0,R_09_MSRR,12
S015020,1.25,0,1.25,0,R_09_MSRR,32
S015925,1.225,0,1.225,0,R_09_MSRR,20
S022860,1.43,0,1.43,0,R_09_MSRR,24
S022861,0.0002022,0,0.00020219999999999998,0,R_09_MSRR,25
S022862,0.0002022,0,0.00020219999999999998,0,R_09_MSRR,26
S022864,0.0002022,0,0.00020219999999999998,0,R_09_MSRR,27
S022865,7.98,0,7.98,0,R_09_MSRR,29
S022867,0.0002022,0,0.00020219999999999998,0,R_09_MSRR,28
A016961,0.0002022,0,0.00020219999999999998,0,R_10,244
A018835,0.0002022,0,0.00020219999999999998,0,R_10,281
A019427,0.0002022,0,0.00020219999999999998,0,R_10,288
A020100,0.0002022,0,0.00020219999999999998,0,R_10,290
A021889,1.0,0,1.0,0,R_10,336
A022079,0.0002022,0,0.00020219999999999998,0,R_10,350
A023539,0.0002022,0,0.00020219999999999998,0,R_10,401
A027557,0.0002022,0,0.00020219999999999998,0,R_10,616
A028176,0.0002022,0,0.00020219999999999998,0,R_10,631
A029122,0.0002022,0,0.00020219999999999998,0,R_10,665
A031836,0.0002022,0,0.00020219999999999998,0,R_10,807
A032115,0.22,0,0.22,0,R_10,821
D031627,0.0002022,0,0.00020219999999999998,0,R_10,799
L032146,0.0002022,0,0.00020219999999999998,0,R_10,827
L032148,0.0002022,0,0.00020219999999999998,0,R_10,829
A013126A,0.415,0,0.415,0,R_10_MSRR,81
A013126B,0.365,0,0.365,0,R_10_MSRR,82
A013474,0.875,0,0.875,0,R_10_MSRR,97
A013789,0.0002022,0,0.00020219999999999998,0,R_10_MSRR,114
A013831,0.63,0,0.63,0,R_10_MSRR,117
A013832,0.44,0,0.44,0,R_10_MSRR,118
A013933,0.0002022,0,0.00020219999999999998,0,R_10_MSRR,124
A013984,0.24,0,0.24,0,R_10_MSRR,128
A013985,0.365,0,0.365,0,R_10_MSRR,129
A014030,0.6,0,0.6,0,R_10_MSRR,132
A014033,5.665,0,5.665,0,R_10_MSRR,133
A014034,1.865,0,1.865,0,R_10_MSRR,134
A014044A,1.3,0,1.3,0,R_10_MSRR,135
A014044B,0.615,0,0.615,0,R_10_MSRR,136
A014048,4.285,0,4.285,0,R_10_MSRR,139
A014049,7.24,0,7.24,0,R_10_MSRR,140
A014051,2.205,0,2.205,0,R_10_MSRR,141
A014065,0.0002022,0,0.00020219999999999998,0,R_10_MSRR,142
A014720,1.665,0,1.665,0,R_10_MSRR,161
A014777,0.48,0,0.48,0,R_10_MSRR,165
A014855,2.465,0,2.465,0,R_10_MSRR,169
A014856,0.0002022,0,0.00020219999999999998,0,R_10_MSRR,170
A014875,2.85,0,2.85,0,R_10_MSRR,172
A015277,0.865,0,0.865,0,R_10_MSRR,186
A015726,0.0002022,0,0.00020219999999999998,0,R_10_MSRR,203
A015729,0.365,0,0.365,0,R_10_MSRR,207
A016405,0.0002022,0,0.00020219999999999998,0,R_10_MSRR,229
A016525,0.015,0,0.015,0,R_10_MSRR,234
A016673,2.08,0,2.08,0,R_10_MSRR,240
A016821,0.365,0,0.365,0,R_10_MSRR,242
A018241,0.28,0,0.28,0,R_10_MSRR,274
A021466,0.0002022,0,0.00020219999999999998,0,R_10_MSRR,320
A024310A,1.565,0,1.565,0,R_10_MSRR,467
A024310B,0.0002022,0,0.00020219999999999998,0,R_10_MSRR,468
A024311A,0.13,0,0.13,0,R_10_MSRR,466
A024311B,0.0002022,0,0.00020219999999999998,0,R_10_MSRR,469
A024678B,0.0002022,0,0.00020219999999999998,0,R_10_MSRR,492
A025025,0.425,0,0.425,0,R_10_MSRR,541
A025154,1.59,0,1.59,0,R_10_MSRR,551
A030282,0.0002022,0,0.00020219999999999998,0,R_10_MSRR,706
D031143,0.0002022,0,0.00020219999999999998,0,R_10_MSRR,756
A012525,0.0002022,0,0.00020219999999999998,0,R_11,74
A013161,0.01,0,0.01,0,R_11,83
A013578,0.000422,0,0.000422,0,R_11,102
A013695,0.18,0,0.18,0,R_11,106
A013729,1.715,0,1.715,0,R_11,109
A014904,0.0002022,0,0.00020219999999999998,0,R_11,174
A016077,0.0002022,0,0.00020219999999999998,0,R_11,217
A016467,0.0002022,0,0.00020219999999999998,0,R_11,232
A018138,0.0002022,0,0.00020219999999999998,0,R_11,272
A020901,0.0002022,0,0.00020219999999999998,0,R_11,304
A021666,0.0002022,0,0.00020219999999999998,0,R_11,326
A023098,0.0001535,0,0.0001535,0,R_11,376
A023902,0.0002022,0,0.00020219999999999998,0,R_11,434
A026402,0.0002022,0,0.00020219999999999998,0,R_11,599
A026412,0.0002022,0,0.00020219999999999998,0,R_11,600
A026413,0.0002022,0,0.00020219999999999998,0,R_11,601
A029267,0.0002022,0,0.00020219999999999998,0,R_11,668
A029467,0.0002022,0,0.00020219999999999998,0,R_11,684
A030745,0.0002022,0,0.00020219999999999998,0,R_11,735
D030712,0.00076725,0,0.00076725,0,R_11,737
D030731,0.0002022,0,0.00020219999999999998,0,R_11,862
D030759,0.0002022,0,0.00020219999999999998,0,R_11,740
D030898,0.0002022,0,0.00020219999999999998,0,R_11,741
D031005,0.135,0,0.135,0,R_11,745
D031318,0.0002022,0,0.00020219999999999998,0,R_11,761
D031427,0.0002022,0,0.00020219999999999998,0,R_11,774
L031319,0.0002022,0,0.00020219999999999998,0,R_11,762
L031391,0.0002022,0,0.00020219999999999998,0,R_11,770
L031392,0.0002022,0,0.00020219999999999998,0,R_11,772
L031393,0.0002022,0,0.00020219999999999998,0,R_11,771
S015196,0.07,0,0.07,0,R_11,9
S015197,0.045,0,0.045,0,R_11,30
S015198,0.025,0,0.025,0,R_11,31
S015358,6.865,0,6.865,0,R_11,1
S015418,1.025,0,1.025,0,R_11,10
S017281,0.975,0,0.975,0,R_11,6
S017301,0.03,0,0.03,0,R_11,7
A012850,0.0002022,0,0.00020219999999999998,0,R_12,278
A013533,0.0002022,0,0.00020219999999999998,0,R_12,100
A013716,0.0002022,0,0.00020219999999999998,0,R_12,108
A013967,0.33,0,0.33,0,R_12,125
A014466,0.0002022,0,0.00020219999999999998,0,R_12,155
A014735,0.0002022,0,0.00020219999999999998,0,R_12,162
A014749,0.0002022,0,0.00020219999999999998,0,R_12,163
A014841,0.0002022,0,0.00020219999999999998,0,R_12,167
A014842,0.0002022,0,0.00020219999999999998,0,R_12,168
A014872,0.0002022,0,0.00020219999999999998,0,R_12,171
A015075,0.0002022,0,0.00020219999999999998,0,R_12,179
A015314,0.0002022,0,0.00020219999999999998,0,R_12,187
A015521,0.0002022,0,0.00020219999999999998,0,R_12,193
A017978,4.23,0,4.23,0,R_12,269
A018948,0.0002022,0,0.00020219999999999998,0,R_12,282
A019140,0.0002022,0,0.00020219999999999998,0,R_12,285
A019921,0.0002022,0,0.00020219999999999998,0,R_12,289
A020333,0.0002022,0,0.00020219999999999998,0,R_12,291
A020870,0.25,0,0.25,0,R_12,302
A020907,0.0002022,0,0.00020219999999999998,0,R_12,305
A020953,0.33,0,0.33,0,R_12,306
A021187,0.0002022,0,0.00020219999999999998,0,R_12,312
A021235,0.0002022,0,0.00020219999999999998,0,R_12,313
A021419,0.0002022,0,0.00020219999999999998,0,R_12,316
A021506,0.0002022,0,0.00020219999999999998,0,R_12,321
A021674,0.315,0,0.315,0,R_12,327
A021783A,0.0002022,0,0.00020219999999999998,0,R_12,331
A021783B,0.165,0,0.165,0,R_12,332
A021925,0.0002022,0,0.00020219999999999998,0,R_12,337
A022145,0.0002022,0,0.00020219999999999998,0,R_12,351
A022432,0.0002022,0,0.00020219999999999998,0,R_12,358
A022445,0.0002022,0,0.00020219999999999998,0,R_12,360
A023086,0.0002022,0,0.00020219999999999998,0,R_12,374
A023092,0.0002022,0,0.00020219999999999998,0,R_12,375
A023290,0.0002022,0,0.00020219999999999998,0,R_12,384
A024017,0.0002022,0,0.00020219999999999998,0,R_12,442
A024391,0.0002022,0,0.00020219999999999998,0,R_12,473
A024604,0.35,0,0.35,0,R_12,489
A024682,0.0002022,0,0.00020219999999999998,0,R_12,493
A025032,0.0002022,0,0.00020219999999999998,0,R_12,545
A025282,0.0002022,0,0.00020219999999999998,0,R_12,556
A026600,0.0002022,0,0.00020219999999999998,0,R_12,603
A026672,0.0002022,0,0.00020219999999999998,0,R_12,604
A027440,0.0002022,0,0.00020219999999999998,0,R_12,613
A027596,1.63,0,1.63,0,R_12,621
A027942,0.0002022,0,0.00020219999999999998,0,R_12,625
A027943,0.0002022,0,0.00020219999999999998,0,R_12,626
A028790,0.0002022,0,0.00020219999999999998,0,R_12,654
A029108,0.0002022,0,0.00020219999999999998,0,R_12,664
A030132,0.0002022,0,0.00020219999999999998,0,R_12,702
A030815,0.0002022,0,0.00020219999999999998,0,R_12,733
A030931,0.0002022,0,0.00020219999999999998,0,R_12,746
A031050,0.0002022,0,0.00020219999999999998,0,R_12,751
D030727,0.0002022,0,0.00020219999999999998,0,R_12,731
D030732,0.0002022,0,0.00020219999999999998,0,R_12,732
D030755,0.0002022,0,0.00020219999999999998,0,R_12,730
D030760,0.0002022,0,0.00020219999999999998,0,R_12,739
D030820,0.0002022,0,0.00020219999999999998,0,R_12,736
D030881,0.0002022,0,0.00020219999999999998,0,R_12,734
D030890,0.0002022,0,0.00020219999999999998,0,R_12,743
D030891,0.0002022,0,0.00020219999999999998,0,R_12,738
D030904,0.0002022,0,0.00020219999999999998,0,R_12,744
D031390,0.0002022,0,0.00020219999999999998,0,R_12,764
D031731,0.0002022,0,0.00020219999999999998,0,R_12,804
D032081,0.0002022,0,0.00020219999999999998,0,R_12,822
H033072,0.0002022,0,0.00020219999999999998,0,R_12,873
L032032,0.0002022,0,0.00020219999999999998,0,R_12,819
S016900,0.0002022,0,0.00020219999999999998,0,R_12,46
A013182A01,1.375,0,1.375,0,R_12_MSRR,84
A013182A02,0.33,0,0.33,0,R_12_MSRR,85
A013182B,1.38,0,1.38,0,R_12_MSRR,86
A013217,38.78,0,38.78,0,R_12_MSRR,87
A013281A01,7.83,0,7.83,0,R_12_MSRR,474
A013281A02,5.125,0,5.125,0,R_12_MSRR,475
A013281A03,0.815,0,0.815,0,R_12_MSRR,476
A013281B,0.0002022,0,0.00020219999999999998,0,R_12_MSRR,90
A013331,0.165,0,0.165,0,R_12_MSRR,94
A013391,0.0002022,0,0.00020219999999999998,0,R_12_MSRR,95
A013468,0.29,0,0.29,0,R_12_MSRR,96
A013579,0.44,0,0.44,0,R_12_MSRR,103
A013874,1.065,0,1.065,0,R_12_MSRR,122
A013989,0.24,0,0.24,0,R_12_MSRR,131
A014047,0.005,0,0.005,0,R_12_MSRR,138
A014339,0.0002022,0,0.00020219999999999998,0,R_12_MSRR,152
A014459,1.0,0,1.0,0,R_12_MSRR,154
A014715,0.0002022,0,0.00020219999999999998,0,R_12_MSRR,160
A014750,0.19,0,0.19,0,R_12_MSRR,164
A015233,0.0002022,0,0.00020219999999999998,0,R_12_MSRR,185
A015370,0.29,0,0.29,0,R_12_MSRR,190
A015728A,0.0002022,0,0.00020219999999999998,0,R_12_MSRR,205
A015728B,1.33,0,1.33,0,R_12_MSRR,206
A017100,0.255,0,0.255,0,R_12_MSRR,249
A017121,54.075,0,54.075,0,R_12_MSRR,250
A019339,0.195,0,0.195,0,R_12_MSRR,287
A023212A,0.865,0,0.865,0,R_12_MSRR,378
A023212B,0.0002022,0,0.00020219999999999998,0,R_12_MSRR,379
A023255,0.0002022,0,0.00020219999999999998,0,R_12_MSRR,382
A023297,0.0002022,0,0.00020219999999999998,0,R_12_MSRR,385
A024051,1.315,0,1.315,0,R_12_MSRR,447
A024101,0.025,0,0.025,0,R_12_MSRR,450
A024269A,0.0002022,0,0.00020219999999999998,0,R_12_MSRR,464
A024269B,0.0002022,0,0.00020219999999999998,0,R_12_MSRR,465
A024864A,0.0002022,0,0.00020219999999999998,0,R_12_MSRR,508
A024864B,0.0002022,0,0.00020219999999999998,0,R_12_MSRR,509
A024877,0.0002022,0,0.00020219999999999998,0,R_12_MSRR,510
A024958A,0.055,0,0.055,0,R_12_MSRR,527
A024958B,0.0002022,0,0.00020219999999999998,0,R_12_MSRR,528
A025344,1.3,0,1.3,0,R_12_MSRR,558
A027327,0.0002022,0,0.00020219999999999998,0,R_12_MSRR,612
A027941,0.85,0,0.85,0,R_12_MSRR,624
A028855,0.0002022,0,0.00020219999999999998,0,R_12_MSRR,657
A029411,0.01,0,0.01,0,R_12_MSRR,676
A029412,0.0002022,0,0.00020219999999999998,0,R_12_MSRR,677
A029517,0.0002022,0,0.00020219999999999998,0,R_12_MSRR,686
A029547,0.0002022,0,0.00020219999999999998,0,R_12_MSRR,687
A030397,0.0002022,0,0.00020219999999999998,0,R_12_MSRR,713
A030412,0.495,0,0.495,0,R_12_MSRR,714
D031451,0.135,0,0.135,0,R_12_MSRR,781
D031801,0.0002022,0,0.00020219999999999998,0,R_12_MSRR,806
D032013,0.0002022,0,0.00020219999999999998,0,R_12_MSRR,816
D032206,0.0002022,0,0.00020219999999999998,0,R_12_MSRR,830
S008628,1.845,0,1.845,0,R_12_MSRR,4
S014857,0.0002022,0,0.00020219999999999998,0,R_12_MSRR,45
S022853,1.1,0,1.1,0,R_12_MSRR,15
S022856,0.63,0,0.63,0,R_12_MSRR,16
A002928,0.0,1,0.00020219999999999998,100.0,R_13,56
A014826,0.0,1,62.5,100.0,R_13,166
A024889,0.0,1,0.00020219999999999998,100.0,R_13,512
A024931,0.0,1,0.09,100.0,R_13,521
A024967,0.0,1,7.865,100.0,R_13,530
A024968A,0.0,1,5.05,100.0,R_13,531
A024968B,0.0,1,0.00020219999999999998,100.0,R_13,532
A024969B,0.0,1,0.00020219999999999998,100.0,R_13,533
A025394,0.0,1,0.00020219999999999998,100.0,R_13,559
A015779,30.0,0,30.0,0,R_13_MSRR,209
A017632,3.245,0,3.245,0,R_13_MSRR,260
A024932,0.005,0,0.005,0,R_13_MSRR,522
A024935,0.01,0,0.01,0,R_13_MSRR,523
A025084,0.005,0,0.005,0,R_13_MSRR,548
A025207,0.005,0,0.005,0,R_13_MSRR,554
D030211,0.02,0,0.02,0,R_13_MSRR,704
D030221,0.04,0,0.04,0,R_13_MSRR,705
D031668,0.15,0,0.15,0,R_13_MSRR,802
S013755,0.0002022,0,0.00020219999999999998,0,R_13_MSRR,14
